{
  "computed": {
    "--background": {
      "raw": "oklch(1 0 0)",
      "oklch": {
        "L": 1,
        "C": 0,
        "h": 0,
        "a": 1
      },
      "linear": [
        1,
        1,
        1
      ],
      "srgb": [
        1,
        1,
        1
      ],
      "hex": "#ffffff",
      "lum": 1
    },
    "--foreground": {
      "raw": "oklch(0.145 0 0)",
      "oklch": {
        "L": 0.145,
        "C": 0,
        "h": 0,
        "a": 1
      },
      "linear": [
        0.003048625,
        0.003048625,
        0.003048625
      ],
      "srgb": [
        0.039388235,
        0.039388235,
        0.039388235
      ],
      "hex": "#0a0a0a",
      "lum": 0.003048625
    },
    "--card": {
      "raw": "oklch(0.97 0 0)",
      "oklch": {
        "L": 0.97,
        "C": 0,
        "h": 0,
        "a": 1
      },
      "linear": [
        0.9126729999999998,
        0.9126730000000003,
        0.9126729999999998
      ],
      "srgb": [
        0.9605869869200186,
        0.9605869869200189,
        0.9605869869200186
      ],
      "hex": "#f5f5f5",
      "lum": 0.9126730000000002
    },
    "--card-foreground": {
      "raw": "oklch(0.12 0 0)",
      "oklch": {
        "L": 0.12,
        "C": 0,
        "h": 0,
        "a": 1
      },
      "linear": [
        0.0017280000000000006,
        0.0017280000000000004,
        0.001728
      ],
      "srgb": [
        0.022325760000000007,
        0.022325760000000004,
        0.02232576
      ],
      "hex": "#060606",
      "lum": 0.0017280000000000004
    },
    "--primary": {
      "raw": "oklch(0.205 0 0)",
      "oklch": {
        "L": 0.205,
        "C": 0,
        "h": 0,
        "a": 1
      },
      "linear": [
        0.008615125000000001,
        0.008615125,
        0.008615124999999998
      ],
      "srgb": [
        0.09052740524946687,
        0.09052740524946684,
        0.09052740524946684
      ],
      "hex": "#171717",
      "lum": 0.008615125
    },
    "--primary-foreground": {
      "raw": "oklch(0.985 0 0)",
      "oklch": {
        "L": 0.985,
        "C": 0,
        "h": 0,
        "a": 1
      },
      "linear": [
        0.9556716249999998,
        0.9556716249999999,
        0.955671625
      ],
      "srgb": [
        0.9802559798510232,
        0.9802559798510234,
        0.9802559798510234
      ],
      "hex": "#fafafa",
      "lum": 0.9556716249999999
    },
    "--muted": {
      "raw": "oklch(0.97 0 0)",
      "oklch": {
        "L": 0.97,
        "C": 0,
        "h": 0,
        "a": 1
      },
      "linear": [
        0.9126729999999998,
        0.9126730000000003,
        0.9126729999999998
      ],
      "srgb": [
        0.9605869869200186,
        0.9605869869200189,
        0.9605869869200186
      ],
      "hex": "#f5f5f5",
      "lum": 0.9126730000000002
    },
    "--muted-foreground": {
      "raw": "oklch(0.52 0 0)",
      "oklch": {
        "L": 0.52,
        "C": 0,
        "h": 0,
        "a": 1
      },
      "linear": [
        0.14060800000000004,
        0.140608,
        0.140608
      ],
      "srgb": [
        0.41086130527103065,
        0.41086130527103065,
        0.41086130527103065
      ],
      "hex": "#696969",
      "lum": 0.140608
    },
    "--border": {
      "raw": "oklch(0.86 0 0 / 40%)",
      "oklch": {
        "L": 0.86,
        "C": 0,
        "h": 0,
        "a": 0.4
      },
      "linear": [
        0.6360559999999997,
        0.636056,
        0.636056
      ],
      "srgb": [
        0.8187265315596153,
        0.8187265315596154,
        0.8187265315596154
      ],
      "hex": "#d1d1d1",
      "lum": 0.6360559999999998
    },
    "--input": {
      "raw": "oklch(0.922 0 0)",
      "oklch": {
        "L": 0.922,
        "C": 0,
        "h": 0,
        "a": 1
      },
      "linear": [
        0.7837774479999999,
        0.7837774480000002,
        0.783777448
      ],
      "srgb": [
        0.8981606635856446,
        0.8981606635856447,
        0.8981606635856447
      ],
      "hex": "#e5e5e5",
      "lum": 0.783777448
    },
    "--ring": {
      "raw": "oklch(0.708 0 0)",
      "oklch": {
        "L": 0.708,
        "C": 0,
        "h": 0,
        "a": 1
      },
      "linear": [
        0.354894912,
        0.354894912,
        0.354894912
      ],
      "srgb": [
        0.6301632042746146,
        0.6301632042746146,
        0.6301632042746146
      ],
      "hex": "#a1a1a1",
      "lum": 0.354894912
    }
  },
  "pairs": [
    {
      "pair": "BG / FG",
      "aHex": "#ffffff",
      "bHex": "#0a0a0a",
      "ratio": 19.793161462714632
    },
    {
      "pair": "Card / Card-FG",
      "aHex": "#f5f5f5",
      "bHex": "#060606",
      "ratio": 18.610288431797095
    },
    {
      "pair": "BG / Muted-FG",
      "aHex": "#ffffff",
      "bHex": "#696969",
      "ratio": 5.5086879879123645
    },
    {
      "pair": "Primary / Primary-FG",
      "aHex": "#171717",
      "bHex": "#fafafa",
      "ratio": 17.157203452180642
    },
    {
      "pair": "BG / Primary-FG (on primary)",
      "aHex": "#ffffff",
      "bHex": "#fafafa",
      "ratio": 1.044078378963909
    },
    {
      "pair": "Card / Primary-FG",
      "aHex": "#f5f5f5",
      "bHex": "#fafafa",
      "ratio": 1.0446658678492071
    }
  ]
}